PatId,Stratum,Block,Diag,Gender,Age,Height,Weight,Consent,ConsentDate,Withdrawal,WithdrawalDate,Comments
1001,A,1,CHD,M,56,168,56,True,21.02.2001 09:00:00,True,21.02.2001 09:00:00,  Comment1
1002,A,1,CHD,M,34,175,78,False,21.02.2001 09:00:00,False,21.02.2001 09:00:00,Comment2
1003,B,1,COCM,M,87,181,65,True,21.02.2001 09:00:00,True,21.02.2001 09:00:00,Comment3
1004,B,1,COCM,F,34,163,89,True,21.02.2001 09:00:00,True,21.02.2001 09:00:00,Comment4
1005,C,1,COCM,F,63,178,75,True,21.02.2001 09:00:00,True,21.02.2001 09:00:00,Comment5
1006,C,1,CHD,F,58,190,78,True,21.02.2001 09:00:00,True,21.02.2001 09:00:00,Comment6
1007,A,2,CHD,M,44,188,84,True,21.02.2001 09:00:00,True,21.02.2001 09:00:00,Comment7
1008,B,2,CHD,F,49,155,66,True,21.02.2001 09:00:00,True,21.02.2001 09:00:00,Comment8
1009,C,2,COCM,M,55,169,71,True,21.02.2001 09:00:00,True,21.02.2001 09:00:00,Comment9
